participant.id_in_session,participant.code,participant.label,participant._is_bot,participant._index_in_pages,participant._max_page_index,participant._current_app_name,participant._current_page_name,participant.time_started_utc,participant.visited,participant.mturk_worker_id,participant.mturk_assignment_id,participant.payoff,participant.shuffled_tasks_incl_Attention_Check,participant.payment_relevant_task,participant.comprehension_check_1,participant.comprehension_check_2,participant.attention_1,participant.attention_2,participant.treatment,participant.gender,participant.expiry,session.code,session.label,session.mturk_HITId,session.mturk_HITGroupId,session.comment,session.is_demo,session.config.name,session.config.real_world_currency_per_point,session.config.participation_fee,session.quota,Survey.1.player.id_in_group,Survey.1.player.role,Survey.1.player.payoff,Survey.1.player.age,Survey.1.player.gender,Survey.1.player.race,Survey.1.player.state,Survey.1.player.education,Survey.1.player.payment_checked,Survey.1.player.ComprehensionCheck_task,Survey.1.player.Attention_Check_1,Survey.1.player.Attention_Check_2,Survey.1.player.NV_task,Survey.1.player.Maze_task,Survey.1.player.Count_letters_task,Survey.1.player.Word_puzzle_task,Survey.1.player.Word_order_task,Survey.1.player.Count_numbers_task,Survey.1.player.Ball_bucket_task,Survey.1.player.Word_in_word_task,Survey.1.player.Numbers_in_numbers_task,Survey.1.player.MRT_task,Survey.1.player.MRT_task_creative,Survey.1.group.id_in_subsession,Survey.1.subsession.round_number,Survey.2.player.id_in_group,Survey.2.player.role,Survey.2.player.payoff,Survey.2.player.age,Survey.2.player.gender,Survey.2.player.race,Survey.2.player.state,Survey.2.player.education,Survey.2.player.payment_checked,Survey.2.player.ComprehensionCheck_task,Survey.2.player.Attention_Check_1,Survey.2.player.Attention_Check_2,Survey.2.player.NV_task,Survey.2.player.Maze_task,Survey.2.player.Count_letters_task,Survey.2.player.Word_puzzle_task,Survey.2.player.Word_order_task,Survey.2.player.Count_numbers_task,Survey.2.player.Ball_bucket_task,Survey.2.player.Word_in_word_task,Survey.2.player.Numbers_in_numbers_task,Survey.2.player.MRT_task,Survey.2.player.MRT_task_creative,Survey.2.group.id_in_subsession,Survey.2.subsession.round_number,Survey.3.player.id_in_group,Survey.3.player.role,Survey.3.player.payoff,Survey.3.player.age,Survey.3.player.gender,Survey.3.player.race,Survey.3.player.state,Survey.3.player.education,Survey.3.player.payment_checked,Survey.3.player.ComprehensionCheck_task,Survey.3.player.Attention_Check_1,Survey.3.player.Attention_Check_2,Survey.3.player.NV_task,Survey.3.player.Maze_task,Survey.3.player.Count_letters_task,Survey.3.player.Word_puzzle_task,Survey.3.player.Word_order_task,Survey.3.player.Count_numbers_task,Survey.3.player.Ball_bucket_task,Survey.3.player.Word_in_word_task,Survey.3.player.Numbers_in_numbers_task,Survey.3.player.MRT_task,Survey.3.player.MRT_task_creative,Survey.3.group.id_in_subsession,Survey.3.subsession.round_number,Survey.4.player.id_in_group,Survey.4.player.role,Survey.4.player.payoff,Survey.4.player.age,Survey.4.player.gender,Survey.4.player.race,Survey.4.player.state,Survey.4.player.education,Survey.4.player.payment_checked,Survey.4.player.ComprehensionCheck_task,Survey.4.player.Attention_Check_1,Survey.4.player.Attention_Check_2,Survey.4.player.NV_task,Survey.4.player.Maze_task,Survey.4.player.Count_letters_task,Survey.4.player.Word_puzzle_task,Survey.4.player.Word_order_task,Survey.4.player.Count_numbers_task,Survey.4.player.Ball_bucket_task,Survey.4.player.Word_in_word_task,Survey.4.player.Numbers_in_numbers_task,Survey.4.player.MRT_task,Survey.4.player.MRT_task_creative,Survey.4.group.id_in_subsession,Survey.4.subsession.round_number,Survey.5.player.id_in_group,Survey.5.player.role,Survey.5.player.payoff,Survey.5.player.age,Survey.5.player.gender,Survey.5.player.race,Survey.5.player.state,Survey.5.player.education,Survey.5.player.payment_checked,Survey.5.player.ComprehensionCheck_task,Survey.5.player.Attention_Check_1,Survey.5.player.Attention_Check_2,Survey.5.player.NV_task,Survey.5.player.Maze_task,Survey.5.player.Count_letters_task,Survey.5.player.Word_puzzle_task,Survey.5.player.Word_order_task,Survey.5.player.Count_numbers_task,Survey.5.player.Ball_bucket_task,Survey.5.player.Word_in_word_task,Survey.5.player.Numbers_in_numbers_task,Survey.5.player.MRT_task,Survey.5.player.MRT_task_creative,Survey.5.group.id_in_subsession,Survey.5.subsession.round_number,Survey.6.player.id_in_group,Survey.6.player.role,Survey.6.player.payoff,Survey.6.player.age,Survey.6.player.gender,Survey.6.player.race,Survey.6.player.state,Survey.6.player.education,Survey.6.player.payment_checked,Survey.6.player.ComprehensionCheck_task,Survey.6.player.Attention_Check_1,Survey.6.player.Attention_Check_2,Survey.6.player.NV_task,Survey.6.player.Maze_task,Survey.6.player.Count_letters_task,Survey.6.player.Word_puzzle_task,Survey.6.player.Word_order_task,Survey.6.player.Count_numbers_task,Survey.6.player.Ball_bucket_task,Survey.6.player.Word_in_word_task,Survey.6.player.Numbers_in_numbers_task,Survey.6.player.MRT_task,Survey.6.player.MRT_task_creative,Survey.6.group.id_in_subsession,Survey.6.subsession.round_number,Survey.7.player.id_in_group,Survey.7.player.role,Survey.7.player.payoff,Survey.7.player.age,Survey.7.player.gender,Survey.7.player.race,Survey.7.player.state,Survey.7.player.education,Survey.7.player.payment_checked,Survey.7.player.ComprehensionCheck_task,Survey.7.player.Attention_Check_1,Survey.7.player.Attention_Check_2,Survey.7.player.NV_task,Survey.7.player.Maze_task,Survey.7.player.Count_letters_task,Survey.7.player.Word_puzzle_task,Survey.7.player.Word_order_task,Survey.7.player.Count_numbers_task,Survey.7.player.Ball_bucket_task,Survey.7.player.Word_in_word_task,Survey.7.player.Numbers_in_numbers_task,Survey.7.player.MRT_task,Survey.7.player.MRT_task_creative,Survey.7.group.id_in_subsession,Survey.7.subsession.round_number,Survey.8.player.id_in_group,Survey.8.player.role,Survey.8.player.payoff,Survey.8.player.age,Survey.8.player.gender,Survey.8.player.race,Survey.8.player.state,Survey.8.player.education,Survey.8.player.payment_checked,Survey.8.player.ComprehensionCheck_task,Survey.8.player.Attention_Check_1,Survey.8.player.Attention_Check_2,Survey.8.player.NV_task,Survey.8.player.Maze_task,Survey.8.player.Count_letters_task,Survey.8.player.Word_puzzle_task,Survey.8.player.Word_order_task,Survey.8.player.Count_numbers_task,Survey.8.player.Ball_bucket_task,Survey.8.player.Word_in_word_task,Survey.8.player.Numbers_in_numbers_task,Survey.8.player.MRT_task,Survey.8.player.MRT_task_creative,Survey.8.group.id_in_subsession,Survey.8.subsession.round_number,Survey.9.player.id_in_group,Survey.9.player.role,Survey.9.player.payoff,Survey.9.player.age,Survey.9.player.gender,Survey.9.player.race,Survey.9.player.state,Survey.9.player.education,Survey.9.player.payment_checked,Survey.9.player.ComprehensionCheck_task,Survey.9.player.Attention_Check_1,Survey.9.player.Attention_Check_2,Survey.9.player.NV_task,Survey.9.player.Maze_task,Survey.9.player.Count_letters_task,Survey.9.player.Word_puzzle_task,Survey.9.player.Word_order_task,Survey.9.player.Count_numbers_task,Survey.9.player.Ball_bucket_task,Survey.9.player.Word_in_word_task,Survey.9.player.Numbers_in_numbers_task,Survey.9.player.MRT_task,Survey.9.player.MRT_task_creative,Survey.9.group.id_in_subsession,Survey.9.subsession.round_number,Survey.10.player.id_in_group,Survey.10.player.role,Survey.10.player.payoff,Survey.10.player.age,Survey.10.player.gender,Survey.10.player.race,Survey.10.player.state,Survey.10.player.education,Survey.10.player.payment_checked,Survey.10.player.ComprehensionCheck_task,Survey.10.player.Attention_Check_1,Survey.10.player.Attention_Check_2,Survey.10.player.NV_task,Survey.10.player.Maze_task,Survey.10.player.Count_letters_task,Survey.10.player.Word_puzzle_task,Survey.10.player.Word_order_task,Survey.10.player.Count_numbers_task,Survey.10.player.Ball_bucket_task,Survey.10.player.Word_in_word_task,Survey.10.player.Numbers_in_numbers_task,Survey.10.player.MRT_task,Survey.10.player.MRT_task_creative,Survey.10.group.id_in_subsession,Survey.10.subsession.round_number,Survey.11.player.id_in_group,Survey.11.player.role,Survey.11.player.payoff,Survey.11.player.age,Survey.11.player.gender,Survey.11.player.race,Survey.11.player.state,Survey.11.player.education,Survey.11.player.payment_checked,Survey.11.player.ComprehensionCheck_task,Survey.11.player.Attention_Check_1,Survey.11.player.Attention_Check_2,Survey.11.player.NV_task,Survey.11.player.Maze_task,Survey.11.player.Count_letters_task,Survey.11.player.Word_puzzle_task,Survey.11.player.Word_order_task,Survey.11.player.Count_numbers_task,Survey.11.player.Ball_bucket_task,Survey.11.player.Word_in_word_task,Survey.11.player.Numbers_in_numbers_task,Survey.11.player.MRT_task,Survey.11.player.MRT_task_creative,Survey.11.group.id_in_subsession,Survey.11.subsession.round_number,Survey.12.player.id_in_group,Survey.12.player.role,Survey.12.player.payoff,Survey.12.player.age,Survey.12.player.gender,Survey.12.player.race,Survey.12.player.state,Survey.12.player.education,Survey.12.player.payment_checked,Survey.12.player.ComprehensionCheck_task,Survey.12.player.Attention_Check_1,Survey.12.player.Attention_Check_2,Survey.12.player.NV_task,Survey.12.player.Maze_task,Survey.12.player.Count_letters_task,Survey.12.player.Word_puzzle_task,Survey.12.player.Word_order_task,Survey.12.player.Count_numbers_task,Survey.12.player.Ball_bucket_task,Survey.12.player.Word_in_word_task,Survey.12.player.Numbers_in_numbers_task,Survey.12.player.MRT_task,Survey.12.player.MRT_task_creative,Survey.12.group.id_in_subsession,Survey.12.subsession.round_number
1,3lbtj0dh,,0,121,120,Survey,TimeOut,2023-06-01 08:57:11.549073,1,A2BGHLMWDCVZSW,3S4AW7T80QF1KGMHGHZ7NPBMGY54L9,0.0,"['Attention_Check_1', 'Count_letters_task', 'Word_in_word_task', 'NV_task', 'Numbers_in_numbers_task', 'Attention_Check_2', 'Word_order_task', 'Word_puzzle_task', 'Count_numbers_task', 'Ball_bucket_task', 'Maze_task', 'MRT_task']",Maze_task,0,0,1,1,MRT,Female,1685613455.297199,qsqr8zzu,,3K8CQCU3LSY0VZASCYG47P3CN2QNWZ,3PBTVBPQ98ZFFCFJ3L7HICYGH3ILG4,,0,survey,1.0,0.0,"{'quota_Male_Creative': 1, 'quota_Male_MRT': 1, 'quota_Female_Creative': 0, 'quota_Female_MRT': 1}",1,,0.0,37,Female,White,Indiana,Bachelor's Degree,NotRead,0,1,1,,,,,,,,,,,,1,1,1,,0.0,,default,,,,NotRead,1,1,1,,,,,,,,,,,,1,2,1,,0.0,,default,,,,NotRead,1,1,1,,,,,,,,,,,,1,3,1,,0.0,,default,,,,NotRead,1,1,1,,,,,,,,,,,,1,4,1,,0.0,,default,,,,NotRead,1,1,1,,,,,,,,,,,,1,5,1,,0.0,,default,,,,NotRead,1,1,1,,,,,,,,,,,,1,6,1,,0.0,,default,,,,NotRead,1,1,1,,,,,,,,,,,,1,7,1,,0.0,,default,,,,NotRead,1,1,1,,,,,,,,,,,,1,8,1,,0.0,,default,,,,NotRead,1,1,1,,,,,,,,,,,,1,9,1,,0.0,,default,,,,NotRead,1,1,1,,,,,,,,,,,,1,10,1,,0.0,,default,,,,NotRead,1,1,1,,,,,,,,,,,,1,11,1,,0.0,,default,,,,NotRead,1,1,1,,,,,,,,,,,,1,12
2,wu1eu7vk,,0,121,120,Survey,TimeOut,2023-06-01 08:57:35.166549,1,A33F04W4EVT4GK,3WLEIWSYH3EPV6O4LI1L2ILHF302H4,0.0,"['Attention_Check_1', 'Word_in_word_task', 'Numbers_in_numbers_task', 'Ball_bucket_task', 'Word_order_task', 'Attention_Check_2', 'Count_letters_task', 'Word_puzzle_task', 'Count_numbers_task', 'Maze_task', 'MRT_task_creative', 'NV_task']",Numbers_in_numbers_task,0,0,1,1,Creative,Male,1685613530.3662815,qsqr8zzu,,3K8CQCU3LSY0VZASCYG47P3CN2QNWZ,3PBTVBPQ98ZFFCFJ3L7HICYGH3ILG4,,0,survey,1.0,0.0,"{'quota_Male_Creative': 1, 'quota_Male_MRT': 1, 'quota_Female_Creative': 0, 'quota_Female_MRT': 1}",2,,0.0,27,Male,White,Illinois,Advanced Degree,NotRead,0,1,1,,,,,,,,,,,,1,1,2,,0.0,,default,,,,NotRead,1,1,1,,,,,,,,,,,,1,2,2,,0.0,,default,,,,NotRead,1,1,1,,,,,,,,,,,,1,3,2,,0.0,,default,,,,NotRead,1,1,1,,,,,,,,,,,,1,4,2,,0.0,,default,,,,NotRead,1,1,1,,,,,,,,,,,,1,5,2,,0.0,,default,,,,NotRead,1,1,1,,,,,,,,,,,,1,6,2,,0.0,,default,,,,NotRead,1,1,1,,,,,,,,,,,,1,7,2,,0.0,,default,,,,NotRead,1,1,1,,,,,,,,,,,,1,8,2,,0.0,,default,,,,NotRead,1,1,1,,,,,,,,,,,,1,9,2,,0.0,,default,,,,NotRead,1,1,1,,,,,,,,,,,,1,10,2,,0.0,,default,,,,NotRead,1,1,1,,,,,,,,,,,,1,11,2,,0.0,,default,,,,NotRead,1,1,1,,,,,,,,,,,,1,12
3,eok4y07l,,0,119,120,Survey,Quota_Full,2023-06-01 08:57:36.252057,1,A1C0Z3WG58BGIV,3LUY3GC63EXOUOJYA7QL7I4GCAW7PU,0.0,"['Attention_Check_1', 'MRT_task_creative', 'Count_numbers_task', 'Ball_bucket_task', 'NV_task', 'Attention_Check_2', 'Numbers_in_numbers_task', 'Word_in_word_task', 'Count_letters_task', 'Word_puzzle_task', 'Word_order_task', 'Maze_task']",Word_puzzle_task,1,1,1,1,QUOTA_FULL,Female,0,qsqr8zzu,,3K8CQCU3LSY0VZASCYG47P3CN2QNWZ,3PBTVBPQ98ZFFCFJ3L7HICYGH3ILG4,,0,survey,1.0,0.0,"{'quota_Male_Creative': 1, 'quota_Male_MRT': 1, 'quota_Female_Creative': 0, 'quota_Female_MRT': 1}",3,,0.0,25,Female,White,Connecticut,Advanced Degree,NotRead,1,1,1,,,,,,,,,,,,1,1,3,,0.0,,default,,,,NotRead,1,1,1,,,,,,,,,,,,1,2,3,,0.0,,default,,,,NotRead,1,1,1,,,,,,,,,,,,1,3,3,,0.0,,default,,,,NotRead,1,1,1,,,,,,,,,,,,1,4,3,,0.0,,default,,,,NotRead,1,1,1,,,,,,,,,,,,1,5,3,,0.0,,default,,,,NotRead,1,1,1,,,,,,,,,,,,1,6,3,,0.0,,default,,,,NotRead,1,1,1,,,,,,,,,,,,1,7,3,,0.0,,default,,,,NotRead,1,1,1,,,,,,,,,,,,1,8,3,,0.0,,default,,,,NotRead,1,1,1,,,,,,,,,,,,1,9,3,,0.0,,default,,,,NotRead,1,1,1,,,,,,,,,,,,1,10,3,,0.0,,default,,,,NotRead,1,1,1,,,,,,,,,,,,1,11,3,,0.0,,default,,,,NotRead,1,1,1,,,,,,,,,,,,1,12
4,jc66uee8,,0,2,120,Survey,Introduction,2023-06-01 08:57:41.978882,1,A3D2AAO10KRDNZ,3CN4LGXD5CLLKFTGZWOXHXDIPD94Y1,0.0,"['Attention_Check_1', 'Word_order_task', 'Word_in_word_task', 'NV_task', 'Count_letters_task', 'Attention_Check_2', 'Ball_bucket_task', 'Numbers_in_numbers_task', 'Word_puzzle_task', 'Count_numbers_task', 'Maze_task', 'MRT_task']",Word_in_word_task,1,1,1,1,MRT,Male,0,qsqr8zzu,,3K8CQCU3LSY0VZASCYG47P3CN2QNWZ,3PBTVBPQ98ZFFCFJ3L7HICYGH3ILG4,,0,survey,1.0,0.0,"{'quota_Male_Creative': 1, 'quota_Male_MRT': 1, 'quota_Female_Creative': 0, 'quota_Female_MRT': 1}",4,,0.0,53,Male,White,Indiana,Bachelor's Degree,NotRead,1,1,1,,,,,,,,,,,,1,1,4,,0.0,,default,,,,NotRead,1,1,1,,,,,,,,,,,,1,2,4,,0.0,,default,,,,NotRead,1,1,1,,,,,,,,,,,,1,3,4,,0.0,,default,,,,NotRead,1,1,1,,,,,,,,,,,,1,4,4,,0.0,,default,,,,NotRead,1,1,1,,,,,,,,,,,,1,5,4,,0.0,,default,,,,NotRead,1,1,1,,,,,,,,,,,,1,6,4,,0.0,,default,,,,NotRead,1,1,1,,,,,,,,,,,,1,7,4,,0.0,,default,,,,NotRead,1,1,1,,,,,,,,,,,,1,8,4,,0.0,,default,,,,NotRead,1,1,1,,,,,,,,,,,,1,9,4,,0.0,,default,,,,NotRead,1,1,1,,,,,,,,,,,,1,10,4,,0.0,,default,,,,NotRead,1,1,1,,,,,,,,,,,,1,11,4,,0.0,,default,,,,NotRead,1,1,1,,,,,,,,,,,,1,12
5,9op8tvjy,,0,118,120,Survey,Results_failed_comprehension,2023-06-01 08:57:44.350815,1,A9KWYMXWWP9KO,3P59JYT760HF0FFZLCIAG1O5QXV2TE,0.0,"['Attention_Check_1', 'Word_order_task', 'Count_numbers_task', 'Count_letters_task', 'MRT_task_creative', 'Attention_Check_2', 'NV_task', 'Maze_task', 'Ball_bucket_task', 'Word_in_word_task', 'Word_puzzle_task', 'Numbers_in_numbers_task']",Count_letters_task,0,0,1,1,Creative,Female,1685613486.2572634,qsqr8zzu,,3K8CQCU3LSY0VZASCYG47P3CN2QNWZ,3PBTVBPQ98ZFFCFJ3L7HICYGH3ILG4,,0,survey,1.0,0.0,"{'quota_Male_Creative': 1, 'quota_Male_MRT': 1, 'quota_Female_Creative': 0, 'quota_Female_MRT': 1}",5,,0.0,36,Female,White,Indiana,Bachelor's Degree,NotRead,0,1,1,,,,,,,,,,,,1,1,5,,0.0,,default,,,,NotRead,1,1,1,,,,,,,,,,,,1,2,5,,0.0,,default,,,,NotRead,1,1,1,,,,,,,,,,,,1,3,5,,0.0,,default,,,,NotRead,1,1,1,,,,,,,,,,,,1,4,5,,0.0,,default,,,,NotRead,1,1,1,,,,,,,,,,,,1,5,5,,0.0,,default,,,,NotRead,1,1,1,,,,,,,,,,,,1,6,5,,0.0,,default,,,,NotRead,1,1,1,,,,,,,,,,,,1,7,5,,0.0,,default,,,,NotRead,1,1,1,,,,,,,,,,,,1,8,5,,0.0,,default,,,,NotRead,1,1,1,,,,,,,,,,,,1,9,5,,0.0,,default,,,,NotRead,1,1,1,,,,,,,,,,,,1,10,5,,0.0,,default,,,,NotRead,1,1,1,,,,,,,,,,,,1,11,5,,0.0,,default,,,,NotRead,1,1,1,,,,,,,,,,,,1,12
6,t2bcxx1c,,0,119,120,Survey,Quota_Full,2023-06-01 08:58:21.977713,1,A5DKM9A76MXPM,3HL8HNGX4KYGHUIXB1S09KHI5UXF9B,0.0,"['Attention_Check_1', 'Word_puzzle_task', 'Word_order_task', 'Numbers_in_numbers_task', 'NV_task', 'Attention_Check_2', 'Ball_bucket_task', 'Word_in_word_task', 'MRT_task_creative', 'Count_numbers_task', 'Maze_task', 'Count_letters_task']",Word_order_task,1,1,1,1,QUOTA_FULL,Female,0,qsqr8zzu,,3K8CQCU3LSY0VZASCYG47P3CN2QNWZ,3PBTVBPQ98ZFFCFJ3L7HICYGH3ILG4,,0,survey,1.0,0.0,"{'quota_Male_Creative': 1, 'quota_Male_MRT': 1, 'quota_Female_Creative': 0, 'quota_Female_MRT': 1}",6,,0.0,25,Female,White,California,Bachelor's Degree,NotRead,1,1,1,,,,,,,,,,,,1,1,6,,0.0,,default,,,,NotRead,1,1,1,,,,,,,,,,,,1,2,6,,0.0,,default,,,,NotRead,1,1,1,,,,,,,,,,,,1,3,6,,0.0,,default,,,,NotRead,1,1,1,,,,,,,,,,,,1,4,6,,0.0,,default,,,,NotRead,1,1,1,,,,,,,,,,,,1,5,6,,0.0,,default,,,,NotRead,1,1,1,,,,,,,,,,,,1,6,6,,0.0,,default,,,,NotRead,1,1,1,,,,,,,,,,,,1,7,6,,0.0,,default,,,,NotRead,1,1,1,,,,,,,,,,,,1,8,6,,0.0,,default,,,,NotRead,1,1,1,,,,,,,,,,,,1,9,6,,0.0,,default,,,,NotRead,1,1,1,,,,,,,,,,,,1,10,6,,0.0,,default,,,,NotRead,1,1,1,,,,,,,,,,,,1,11,6,,0.0,,default,,,,NotRead,1,1,1,,,,,,,,,,,,1,12
7,lxvgpt3c,,0,119,120,Survey,Quota_Full,2023-06-01 08:58:32.271788,1,A3F9W7G1EEE3Y,3QEMNNSB2CWF5RG85YZQ7ONRYRT7DG,0.0,"['Attention_Check_1', 'Word_in_word_task', 'MRT_task_creative', 'Count_numbers_task', 'Word_order_task', 'Attention_Check_2', 'Word_puzzle_task', 'NV_task', 'Maze_task', 'Ball_bucket_task', 'Numbers_in_numbers_task', 'Count_letters_task']",Maze_task,1,1,1,1,QUOTA_FULL,Female,0,qsqr8zzu,,3K8CQCU3LSY0VZASCYG47P3CN2QNWZ,3PBTVBPQ98ZFFCFJ3L7HICYGH3ILG4,,0,survey,1.0,0.0,"{'quota_Male_Creative': 1, 'quota_Male_MRT': 1, 'quota_Female_Creative': 0, 'quota_Female_MRT': 1}",7,,0.0,26,Female,White,Puerto Rico,Bachelor's Degree,NotRead,1,1,1,,,,,,,,,,,,1,1,7,,0.0,,default,,,,NotRead,1,1,1,,,,,,,,,,,,1,2,7,,0.0,,default,,,,NotRead,1,1,1,,,,,,,,,,,,1,3,7,,0.0,,default,,,,NotRead,1,1,1,,,,,,,,,,,,1,4,7,,0.0,,default,,,,NotRead,1,1,1,,,,,,,,,,,,1,5,7,,0.0,,default,,,,NotRead,1,1,1,,,,,,,,,,,,1,6,7,,0.0,,default,,,,NotRead,1,1,1,,,,,,,,,,,,1,7,7,,0.0,,default,,,,NotRead,1,1,1,,,,,,,,,,,,1,8,7,,0.0,,default,,,,NotRead,1,1,1,,,,,,,,,,,,1,9,7,,0.0,,default,,,,NotRead,1,1,1,,,,,,,,,,,,1,10,7,,0.0,,default,,,,NotRead,1,1,1,,,,,,,,,,,,1,11,7,,0.0,,default,,,,NotRead,1,1,1,,,,,,,,,,,,1,12
8,0cnxnhys,,0,119,120,Survey,Quota_Full,2023-06-01 08:58:33.673270,1,A2V5CKEL0216K0,32SVAV9L3U6Z61C9JC5Y46358MAA3C,0.0,"['Attention_Check_1', 'Count_numbers_task', 'Word_in_word_task', 'NV_task', 'Maze_task', 'Attention_Check_2', 'MRT_task_creative', 'Numbers_in_numbers_task', 'Word_puzzle_task', 'Ball_bucket_task', 'Count_letters_task', 'Word_order_task']",Word_order_task,1,1,1,1,QUOTA_FULL,Male,0,qsqr8zzu,,3K8CQCU3LSY0VZASCYG47P3CN2QNWZ,3PBTVBPQ98ZFFCFJ3L7HICYGH3ILG4,,0,survey,1.0,0.0,"{'quota_Male_Creative': 1, 'quota_Male_MRT': 1, 'quota_Female_Creative': 0, 'quota_Female_MRT': 1}",8,,0.0,51,Male,White,California,Advanced Degree,NotRead,1,1,1,,,,,,,,,,,,1,1,8,,0.0,,default,,,,NotRead,1,1,1,,,,,,,,,,,,1,2,8,,0.0,,default,,,,NotRead,1,1,1,,,,,,,,,,,,1,3,8,,0.0,,default,,,,NotRead,1,1,1,,,,,,,,,,,,1,4,8,,0.0,,default,,,,NotRead,1,1,1,,,,,,,,,,,,1,5,8,,0.0,,default,,,,NotRead,1,1,1,,,,,,,,,,,,1,6,8,,0.0,,default,,,,NotRead,1,1,1,,,,,,,,,,,,1,7,8,,0.0,,default,,,,NotRead,1,1,1,,,,,,,,,,,,1,8,8,,0.0,,default,,,,NotRead,1,1,1,,,,,,,,,,,,1,9,8,,0.0,,default,,,,NotRead,1,1,1,,,,,,,,,,,,1,10,8,,0.0,,default,,,,NotRead,1,1,1,,,,,,,,,,,,1,11,8,,0.0,,default,,,,NotRead,1,1,1,,,,,,,,,,,,1,12
9,4vcbrck7,,0,119,120,Survey,Quota_Full,2023-06-01 08:59:08.404390,1,A3FWFFMH0B5OK5,3TGOYF991CJ3K43Q41IQRG5ZS2LUUF,0.0,"['Attention_Check_1', 'NV_task', 'Word_order_task', 'Word_puzzle_task', 'Ball_bucket_task', 'Attention_Check_2', 'Count_letters_task', 'Maze_task', 'Numbers_in_numbers_task', 'Word_in_word_task', 'Count_numbers_task', 'MRT_task_creative']",Word_puzzle_task,1,1,1,1,QUOTA_FULL,Female,0,qsqr8zzu,,3K8CQCU3LSY0VZASCYG47P3CN2QNWZ,3PBTVBPQ98ZFFCFJ3L7HICYGH3ILG4,,0,survey,1.0,0.0,"{'quota_Male_Creative': 1, 'quota_Male_MRT': 1, 'quota_Female_Creative': 0, 'quota_Female_MRT': 1}",9,,0.0,25,Female,White,Ohio,Advanced Degree,NotRead,1,1,1,,,,,,,,,,,,1,1,9,,0.0,,default,,,,NotRead,1,1,1,,,,,,,,,,,,1,2,9,,0.0,,default,,,,NotRead,1,1,1,,,,,,,,,,,,1,3,9,,0.0,,default,,,,NotRead,1,1,1,,,,,,,,,,,,1,4,9,,0.0,,default,,,,NotRead,1,1,1,,,,,,,,,,,,1,5,9,,0.0,,default,,,,NotRead,1,1,1,,,,,,,,,,,,1,6,9,,0.0,,default,,,,NotRead,1,1,1,,,,,,,,,,,,1,7,9,,0.0,,default,,,,NotRead,1,1,1,,,,,,,,,,,,1,8,9,,0.0,,default,,,,NotRead,1,1,1,,,,,,,,,,,,1,9,9,,0.0,,default,,,,NotRead,1,1,1,,,,,,,,,,,,1,10,9,,0.0,,default,,,,NotRead,1,1,1,,,,,,,,,,,,1,11,9,,0.0,,default,,,,NotRead,1,1,1,,,,,,,,,,,,1,12
10,r9ny6zwv,,0,119,120,Survey,Quota_Full,2023-06-01 08:59:52.739243,1,A3II1DW3N2EVVN,3VSOLARPKQ6L1I24R6RY8BSL24S93W,0.0,"['Attention_Check_1', 'Ball_bucket_task', 'Word_order_task', 'NV_task', 'Count_letters_task', 'Attention_Check_2', 'Word_in_word_task', 'Word_puzzle_task', 'Numbers_in_numbers_task', 'MRT_task_creative', 'Count_numbers_task', 'Maze_task']",Word_order_task,1,1,1,1,QUOTA_FULL,Male,0,qsqr8zzu,,3K8CQCU3LSY0VZASCYG47P3CN2QNWZ,3PBTVBPQ98ZFFCFJ3L7HICYGH3ILG4,,0,survey,1.0,0.0,"{'quota_Male_Creative': 1, 'quota_Male_MRT': 1, 'quota_Female_Creative': 0, 'quota_Female_MRT': 1}",10,,0.0,60,Male,White,Texas,Advanced Degree,NotRead,1,1,1,,,,,,,,,,,,1,1,10,,0.0,,default,,,,NotRead,1,1,1,,,,,,,,,,,,1,2,10,,0.0,,default,,,,NotRead,1,1,1,,,,,,,,,,,,1,3,10,,0.0,,default,,,,NotRead,1,1,1,,,,,,,,,,,,1,4,10,,0.0,,default,,,,NotRead,1,1,1,,,,,,,,,,,,1,5,10,,0.0,,default,,,,NotRead,1,1,1,,,,,,,,,,,,1,6,10,,0.0,,default,,,,NotRead,1,1,1,,,,,,,,,,,,1,7,10,,0.0,,default,,,,NotRead,1,1,1,,,,,,,,,,,,1,8,10,,0.0,,default,,,,NotRead,1,1,1,,,,,,,,,,,,1,9,10,,0.0,,default,,,,NotRead,1,1,1,,,,,,,,,,,,1,10,10,,0.0,,default,,,,NotRead,1,1,1,,,,,,,,,,,,1,11,10,,0.0,,default,,,,NotRead,1,1,1,,,,,,,,,,,,1,12
11,dmb8mst1,,0,119,120,Survey,Quota_Full,2023-06-01 09:01:31.973280,1,AMUCD7GNRWGZ5,3S4AW7T80QF1KGMHGHZ7NPBMGY5L4Q,0.0,"['Attention_Check_1', 'Word_in_word_task', 'Maze_task', 'Count_letters_task', 'Numbers_in_numbers_task', 'Attention_Check_2', 'NV_task', 'Word_puzzle_task', 'Count_numbers_task', 'Word_order_task', 'Ball_bucket_task', 'MRT_task_creative']",Word_order_task,1,1,1,1,QUOTA_FULL,Male,0,qsqr8zzu,,3K8CQCU3LSY0VZASCYG47P3CN2QNWZ,3PBTVBPQ98ZFFCFJ3L7HICYGH3ILG4,,0,survey,1.0,0.0,"{'quota_Male_Creative': 1, 'quota_Male_MRT': 1, 'quota_Female_Creative': 0, 'quota_Female_MRT': 1}",11,,0.0,58,Male,White,California,Bachelor's Degree,NotRead,1,1,1,,,,,,,,,,,,1,1,11,,0.0,,default,,,,NotRead,1,1,1,,,,,,,,,,,,1,2,11,,0.0,,default,,,,NotRead,1,1,1,,,,,,,,,,,,1,3,11,,0.0,,default,,,,NotRead,1,1,1,,,,,,,,,,,,1,4,11,,0.0,,default,,,,NotRead,1,1,1,,,,,,,,,,,,1,5,11,,0.0,,default,,,,NotRead,1,1,1,,,,,,,,,,,,1,6,11,,0.0,,default,,,,NotRead,1,1,1,,,,,,,,,,,,1,7,11,,0.0,,default,,,,NotRead,1,1,1,,,,,,,,,,,,1,8,11,,0.0,,default,,,,NotRead,1,1,1,,,,,,,,,,,,1,9,11,,0.0,,default,,,,NotRead,1,1,1,,,,,,,,,,,,1,10,11,,0.0,,default,,,,NotRead,1,1,1,,,,,,,,,,,,1,11,11,,0.0,,default,,,,NotRead,1,1,1,,,,,,,,,,,,1,12
12,keszmwm5,,0,1,120,Survey,Demographics,2023-06-01 09:01:46.868485,1,A27UT38T3IRLWT,3QL2OFSM9LFU3K2HL9L4JFRZD6LNC6,0.0,,,1,1,1,1,,,0,qsqr8zzu,,3K8CQCU3LSY0VZASCYG47P3CN2QNWZ,3PBTVBPQ98ZFFCFJ3L7HICYGH3ILG4,,0,survey,1.0,0.0,"{'quota_Male_Creative': 1, 'quota_Male_MRT': 1, 'quota_Female_Creative': 0, 'quota_Female_MRT': 1}",12,,0.0,,default,,,,NotRead,1,1,1,,,,,,,,,,,,1,1,12,,0.0,,default,,,,NotRead,1,1,1,,,,,,,,,,,,1,2,12,,0.0,,default,,,,NotRead,1,1,1,,,,,,,,,,,,1,3,12,,0.0,,default,,,,NotRead,1,1,1,,,,,,,,,,,,1,4,12,,0.0,,default,,,,NotRead,1,1,1,,,,,,,,,,,,1,5,12,,0.0,,default,,,,NotRead,1,1,1,,,,,,,,,,,,1,6,12,,0.0,,default,,,,NotRead,1,1,1,,,,,,,,,,,,1,7,12,,0.0,,default,,,,NotRead,1,1,1,,,,,,,,,,,,1,8,12,,0.0,,default,,,,NotRead,1,1,1,,,,,,,,,,,,1,9,12,,0.0,,default,,,,NotRead,1,1,1,,,,,,,,,,,,1,10,12,,0.0,,default,,,,NotRead,1,1,1,,,,,,,,,,,,1,11,12,,0.0,,default,,,,NotRead,1,1,1,,,,,,,,,,,,1,12
13,eo49yg0r,,0,119,120,Survey,Quota_Full,2023-06-01 09:02:10.812284,1,A37RAXES4T9NPF,31LVTDXBLM78LMOFRTVKVIMW8CPLR9,0.0,"['Attention_Check_1', 'Numbers_in_numbers_task', 'Word_order_task', 'Word_puzzle_task', 'NV_task', 'Attention_Check_2', 'Word_in_word_task', 'MRT_task_creative', 'Count_letters_task', 'Ball_bucket_task', 'Maze_task', 'Count_numbers_task']",Numbers_in_numbers_task,1,1,1,1,QUOTA_FULL,Male,0,qsqr8zzu,,3K8CQCU3LSY0VZASCYG47P3CN2QNWZ,3PBTVBPQ98ZFFCFJ3L7HICYGH3ILG4,,0,survey,1.0,0.0,"{'quota_Male_Creative': 1, 'quota_Male_MRT': 1, 'quota_Female_Creative': 0, 'quota_Female_MRT': 1}",13,,0.0,46,Male,White,California,Bachelor's Degree,NotRead,1,1,1,,,,,,,,,,,,1,1,13,,0.0,,default,,,,NotRead,1,1,1,,,,,,,,,,,,1,2,13,,0.0,,default,,,,NotRead,1,1,1,,,,,,,,,,,,1,3,13,,0.0,,default,,,,NotRead,1,1,1,,,,,,,,,,,,1,4,13,,0.0,,default,,,,NotRead,1,1,1,,,,,,,,,,,,1,5,13,,0.0,,default,,,,NotRead,1,1,1,,,,,,,,,,,,1,6,13,,0.0,,default,,,,NotRead,1,1,1,,,,,,,,,,,,1,7,13,,0.0,,default,,,,NotRead,1,1,1,,,,,,,,,,,,1,8,13,,0.0,,default,,,,NotRead,1,1,1,,,,,,,,,,,,1,9,13,,0.0,,default,,,,NotRead,1,1,1,,,,,,,,,,,,1,10,13,,0.0,,default,,,,NotRead,1,1,1,,,,,,,,,,,,1,11,13,,0.0,,default,,,,NotRead,1,1,1,,,,,,,,,,,,1,12
14,l77bndrr,,0,121,120,Survey,TimeOut,2023-06-01 09:03:38.740546,1,A25PT4YG045XLB,39LOEL67O72LNDJUMELK8FXAIYA381,1.52,"['Attention_Check_1', 'Count_letters_task', 'Word_in_word_task', 'Word_order_task', 'Word_puzzle_task', 'Attention_Check_2', 'MRT_task', 'Count_numbers_task', 'Numbers_in_numbers_task', 'Maze_task', 'NV_task', 'Ball_bucket_task']",MRT_task,1,1,1,1,MRT,Female,1685613907.1231039,qsqr8zzu,,3K8CQCU3LSY0VZASCYG47P3CN2QNWZ,3PBTVBPQ98ZFFCFJ3L7HICYGH3ILG4,,0,survey,1.0,0.0,"{'quota_Male_Creative': 1, 'quota_Male_MRT': 1, 'quota_Female_Creative': 0, 'quota_Female_MRT': 1}",14,,0.0,47,Female,White,California,Some College/Associate Degree,NotRead,1,1,1,,,,,,,,,,,,1,1,14,,0.0,,default,,,,NotRead,1,1,1,,,-0.04878048780487805,,,,,,,,,1,2,14,,0.0,,default,,,,NotRead,1,1,1,,,,,,,,-0.16091954022988506,,,,1,3,14,,0.0,,default,,,,NotRead,1,1,1,,,,,0.0,,,,,,,1,4,14,,0.0,,default,,,,NotRead,1,1,1,,,,0.018163471241170535,,,,,,,,1,5,14,,0.0,,default,,,,NotRead,1,1,1,,,,,,,,,,,,1,6,14,,0.0,,default,,,,NotRead,1,1,1,,,,,,,,,,0.39520958083832336,,1,7,14,,0.0,,default,,,,NotRead,1,1,1,,,,,,0.0,,,,,,1,8,14,,0.0,,default,,,,NotRead,1,1,1,,,,,,,,,0.19780219780219782,,,1,9,14,,0.0,,default,,,,NotRead,1,1,1,,0.0,,,,,,,,,,1,10,14,,0.0,,default,,,,NotRead,1,1,1,0.07792207792207792,,,,,,,,,,,1,11,14,,0.0,,default,,,,NotRead,1,1,1,,,,,,,0.728512960436562,,,,,1,12
15,1xqd09l5,,0,121,120,Survey,TimeOut,2023-06-01 09:07:02.833910,1,A9G5PXNUA5V8O,3SITXWYCNA6G59OF9FCI6XCFXZVXBT,0.0,"['Attention_Check_1', 'Ball_bucket_task', 'MRT_task_creative', 'NV_task', 'Word_puzzle_task', 'Attention_Check_2', 'Count_numbers_task', 'Count_letters_task', 'Word_order_task', 'Maze_task', 'Numbers_in_numbers_task', 'Word_in_word_task']",Count_letters_task,0,0,1,1,Creative,Male,1685614053.200775,qsqr8zzu,,3K8CQCU3LSY0VZASCYG47P3CN2QNWZ,3PBTVBPQ98ZFFCFJ3L7HICYGH3ILG4,,0,survey,1.0,0.0,"{'quota_Male_Creative': 1, 'quota_Male_MRT': 1, 'quota_Female_Creative': 0, 'quota_Female_MRT': 1}",15,,0.0,41,Male,White,Illinois,Bachelor's Degree,NotRead,0,1,1,,,,,,,,,,,,1,1,15,,0.0,,default,,,,NotRead,1,1,1,,,,,,,,,,,,1,2,15,,0.0,,default,,,,NotRead,1,1,1,,,,,,,,,,,,1,3,15,,0.0,,default,,,,NotRead,1,1,1,,,,,,,,,,,,1,4,15,,0.0,,default,,,,NotRead,1,1,1,,,,,,,,,,,,1,5,15,,0.0,,default,,,,NotRead,1,1,1,,,,,,,,,,,,1,6,15,,0.0,,default,,,,NotRead,1,1,1,,,,,,,,,,,,1,7,15,,0.0,,default,,,,NotRead,1,1,1,,,,,,,,,,,,1,8,15,,0.0,,default,,,,NotRead,1,1,1,,,,,,,,,,,,1,9,15,,0.0,,default,,,,NotRead,1,1,1,,,,,,,,,,,,1,10,15,,0.0,,default,,,,NotRead,1,1,1,,,,,,,,,,,,1,11,15,,0.0,,default,,,,NotRead,1,1,1,,,,,,,,,,,,1,12
16,kwbr6fiy,,0,119,120,Survey,Quota_Full,2023-06-01 09:07:23.783419,1,A3BXO44VM3WN9V,34MAJL3QPJKK4CWSABV7R3H5GCE34U,0.0,"['Attention_Check_1', 'MRT_task_creative', 'Numbers_in_numbers_task', 'Count_numbers_task', 'Word_puzzle_task', 'Attention_Check_2', 'NV_task', 'Word_in_word_task', 'Ball_bucket_task', 'Count_letters_task', 'Maze_task', 'Word_order_task']",Ball_bucket_task,1,1,1,1,QUOTA_FULL,Female,0,qsqr8zzu,,3K8CQCU3LSY0VZASCYG47P3CN2QNWZ,3PBTVBPQ98ZFFCFJ3L7HICYGH3ILG4,,0,survey,1.0,0.0,"{'quota_Male_Creative': 1, 'quota_Male_MRT': 1, 'quota_Female_Creative': 0, 'quota_Female_MRT': 1}",16,,0.0,25,Female,White,Indiana,Bachelor's Degree,NotRead,1,1,1,,,,,,,,,,,,1,1,16,,0.0,,default,,,,NotRead,1,1,1,,,,,,,,,,,,1,2,16,,0.0,,default,,,,NotRead,1,1,1,,,,,,,,,,,,1,3,16,,0.0,,default,,,,NotRead,1,1,1,,,,,,,,,,,,1,4,16,,0.0,,default,,,,NotRead,1,1,1,,,,,,,,,,,,1,5,16,,0.0,,default,,,,NotRead,1,1,1,,,,,,,,,,,,1,6,16,,0.0,,default,,,,NotRead,1,1,1,,,,,,,,,,,,1,7,16,,0.0,,default,,,,NotRead,1,1,1,,,,,,,,,,,,1,8,16,,0.0,,default,,,,NotRead,1,1,1,,,,,,,,,,,,1,9,16,,0.0,,default,,,,NotRead,1,1,1,,,,,,,,,,,,1,10,16,,0.0,,default,,,,NotRead,1,1,1,,,,,,,,,,,,1,11,16,,0.0,,default,,,,NotRead,1,1,1,,,,,,,,,,,,1,12
17,2mp2qabq,,0,121,120,Survey,TimeOut,2023-06-01 09:08:16.158077,1,A2XKY9V7CFO7XX,39U1BHVTD0O4LXBIPCWFZBTXWBW3TR,0.0,"['Attention_Check_1', 'Ball_bucket_task', 'Numbers_in_numbers_task', 'Count_numbers_task', 'NV_task', 'Attention_Check_2', 'Word_in_word_task', 'Count_letters_task', 'MRT_task_creative', 'Word_puzzle_task', 'Word_order_task', 'Maze_task']",Word_in_word_task,0,0,1,1,Creative,Male,1685614233.880549,qsqr8zzu,,3K8CQCU3LSY0VZASCYG47P3CN2QNWZ,3PBTVBPQ98ZFFCFJ3L7HICYGH3ILG4,,0,survey,1.0,0.0,"{'quota_Male_Creative': 1, 'quota_Male_MRT': 1, 'quota_Female_Creative': 0, 'quota_Female_MRT': 1}",17,,0.0,35,Male,White,Wisconsin,Bachelor's Degree,NotRead,0,1,1,,,,,,,,,,,,1,1,17,,0.0,,default,,,,NotRead,1,1,1,,,,,,,,,,,,1,2,17,,0.0,,default,,,,NotRead,1,1,1,,,,,,,,,,,,1,3,17,,0.0,,default,,,,NotRead,1,1,1,,,,,,,,,,,,1,4,17,,0.0,,default,,,,NotRead,1,1,1,,,,,,,,,,,,1,5,17,,0.0,,default,,,,NotRead,1,1,1,,,,,,,,,,,,1,6,17,,0.0,,default,,,,NotRead,1,1,1,,,,,,,,,,,,1,7,17,,0.0,,default,,,,NotRead,1,1,1,,,,,,,,,,,,1,8,17,,0.0,,default,,,,NotRead,1,1,1,,,,,,,,,,,,1,9,17,,0.0,,default,,,,NotRead,1,1,1,,,,,,,,,,,,1,10,17,,0.0,,default,,,,NotRead,1,1,1,,,,,,,,,,,,1,11,17,,0.0,,default,,,,NotRead,1,1,1,,,,,,,,,,,,1,12
18,qqovqljx,,0,119,120,Survey,Quota_Full,2023-06-01 09:08:28.912020,1,A21CQ7JODO4XAT,36U2A8VAGGW6YHIJKOBDOE2EMZZYKL,0.0,"['Attention_Check_1', 'Ball_bucket_task', 'Word_puzzle_task', 'MRT_task_creative', 'Maze_task', 'Attention_Check_2', 'Word_order_task', 'Count_numbers_task', 'Word_in_word_task', 'Numbers_in_numbers_task', 'Count_letters_task', 'NV_task']",Word_order_task,1,1,1,1,QUOTA_FULL,Female,0,qsqr8zzu,,3K8CQCU3LSY0VZASCYG47P3CN2QNWZ,3PBTVBPQ98ZFFCFJ3L7HICYGH3ILG4,,0,survey,1.0,0.0,"{'quota_Male_Creative': 1, 'quota_Male_MRT': 1, 'quota_Female_Creative': 0, 'quota_Female_MRT': 1}",18,,0.0,23,Female,Asian,Missouri,Advanced Degree,NotRead,1,1,1,,,,,,,,,,,,1,1,18,,0.0,,default,,,,NotRead,1,1,1,,,,,,,,,,,,1,2,18,,0.0,,default,,,,NotRead,1,1,1,,,,,,,,,,,,1,3,18,,0.0,,default,,,,NotRead,1,1,1,,,,,,,,,,,,1,4,18,,0.0,,default,,,,NotRead,1,1,1,,,,,,,,,,,,1,5,18,,0.0,,default,,,,NotRead,1,1,1,,,,,,,,,,,,1,6,18,,0.0,,default,,,,NotRead,1,1,1,,,,,,,,,,,,1,7,18,,0.0,,default,,,,NotRead,1,1,1,,,,,,,,,,,,1,8,18,,0.0,,default,,,,NotRead,1,1,1,,,,,,,,,,,,1,9,18,,0.0,,default,,,,NotRead,1,1,1,,,,,,,,,,,,1,10,18,,0.0,,default,,,,NotRead,1,1,1,,,,,,,,,,,,1,11,18,,0.0,,default,,,,NotRead,1,1,1,,,,,,,,,,,,1,12
19,ia7a1cl5,,0,119,120,Survey,Quota_Full,2023-06-01 09:15:25.531667,1,A1PX4CR15QC57J,3LYA37P8I5KAL9P8AWXTG34D1QJBKL,0.0,"['Attention_Check_1', 'Count_letters_task', 'MRT_task_creative', 'Ball_bucket_task', 'Count_numbers_task', 'Attention_Check_2', 'NV_task', 'Numbers_in_numbers_task', 'Maze_task', 'Word_in_word_task', 'Word_puzzle_task', 'Word_order_task']",Count_numbers_task,1,1,1,1,QUOTA_FULL,Female,0,qsqr8zzu,,3K8CQCU3LSY0VZASCYG47P3CN2QNWZ,3PBTVBPQ98ZFFCFJ3L7HICYGH3ILG4,,0,survey,1.0,0.0,"{'quota_Male_Creative': 1, 'quota_Male_MRT': 1, 'quota_Female_Creative': 0, 'quota_Female_MRT': 1}",19,,0.0,28,Female,White,Washington,Bachelor's Degree,NotRead,1,1,1,,,,,,,,,,,,1,1,19,,0.0,,default,,,,NotRead,1,1,1,,,,,,,,,,,,1,2,19,,0.0,,default,,,,NotRead,1,1,1,,,,,,,,,,,,1,3,19,,0.0,,default,,,,NotRead,1,1,1,,,,,,,,,,,,1,4,19,,0.0,,default,,,,NotRead,1,1,1,,,,,,,,,,,,1,5,19,,0.0,,default,,,,NotRead,1,1,1,,,,,,,,,,,,1,6,19,,0.0,,default,,,,NotRead,1,1,1,,,,,,,,,,,,1,7,19,,0.0,,default,,,,NotRead,1,1,1,,,,,,,,,,,,1,8,19,,0.0,,default,,,,NotRead,1,1,1,,,,,,,,,,,,1,9,19,,0.0,,default,,,,NotRead,1,1,1,,,,,,,,,,,,1,10,19,,0.0,,default,,,,NotRead,1,1,1,,,,,,,,,,,,1,11,19,,0.0,,default,,,,NotRead,1,1,1,,,,,,,,,,,,1,12
20,45zcl4kw,,0,119,120,Survey,Quota_Full,2023-06-01 09:20:05.942333,1,A1A4W5I56BSH44,3VE8AYVF81UG3PZN69MM9OM7LOHF8O,0.0,"['Attention_Check_1', 'MRT_task_creative', 'Word_order_task', 'Word_in_word_task', 'NV_task', 'Attention_Check_2', 'Count_letters_task', 'Count_numbers_task', 'Word_puzzle_task', 'Numbers_in_numbers_task', 'Ball_bucket_task', 'Maze_task']",NV_task,1,1,1,1,QUOTA_FULL,Male,0,qsqr8zzu,,3K8CQCU3LSY0VZASCYG47P3CN2QNWZ,3PBTVBPQ98ZFFCFJ3L7HICYGH3ILG4,,0,survey,1.0,0.0,"{'quota_Male_Creative': 1, 'quota_Male_MRT': 1, 'quota_Female_Creative': 0, 'quota_Female_MRT': 1}",20,,0.0,66,Male,White,Wisconsin,Advanced Degree,NotRead,1,1,1,,,,,,,,,,,,1,1,20,,0.0,,default,,,,NotRead,1,1,1,,,,,,,,,,,,1,2,20,,0.0,,default,,,,NotRead,1,1,1,,,,,,,,,,,,1,3,20,,0.0,,default,,,,NotRead,1,1,1,,,,,,,,,,,,1,4,20,,0.0,,default,,,,NotRead,1,1,1,,,,,,,,,,,,1,5,20,,0.0,,default,,,,NotRead,1,1,1,,,,,,,,,,,,1,6,20,,0.0,,default,,,,NotRead,1,1,1,,,,,,,,,,,,1,7,20,,0.0,,default,,,,NotRead,1,1,1,,,,,,,,,,,,1,8,20,,0.0,,default,,,,NotRead,1,1,1,,,,,,,,,,,,1,9,20,,0.0,,default,,,,NotRead,1,1,1,,,,,,,,,,,,1,10,20,,0.0,,default,,,,NotRead,1,1,1,,,,,,,,,,,,1,11,20,,0.0,,default,,,,NotRead,1,1,1,,,,,,,,,,,,1,12
21,j9ati8zu,,0,121,120,Survey,TimeOut,2023-06-01 09:23:10.000810,1,AMOF050Z88M0L,3P4RDNWNDK3PXXXWYLPY1B8DHR4JI4,0.5,"['Attention_Check_1', 'Count_numbers_task', 'Word_in_word_task', 'Count_letters_task', 'Maze_task', 'Attention_Check_2', 'Word_order_task', 'Word_puzzle_task', 'MRT_task_creative', 'Ball_bucket_task', 'Numbers_in_numbers_task', 'NV_task']",Word_order_task,1,1,1,1,Creative,Male,1685615048.7956316,qsqr8zzu,,3K8CQCU3LSY0VZASCYG47P3CN2QNWZ,3PBTVBPQ98ZFFCFJ3L7HICYGH3ILG4,,0,survey,1.0,0.0,"{'quota_Male_Creative': 1, 'quota_Male_MRT': 1, 'quota_Female_Creative': 0, 'quota_Female_MRT': 1}",21,,0.0,35,Male,White,Florida,Advanced Degree,NotRead,1,1,1,,,,,,,,,,,,1,1,21,,0.0,,default,,,,NotRead,1,1,1,,,,,,2.4444444444444446,,,,,,1,2,21,,0.0,,default,,,,NotRead,1,1,1,,,,,,,,1.6363636363636365,,,,1,3,21,,0.0,,default,,,,NotRead,1,1,1,,,2.4444444444444446,,,,,,,,,1,4,21,,0.0,,default,,,,NotRead,1,1,1,,2.4444444444444446,,,,,,,,,,1,5,21,,0.0,,default,,,,NotRead,1,1,1,,,,,,,,,,,,1,6,21,,0.0,,default,,,,NotRead,1,1,1,,,,,2.4444444444444446,,,,,,,1,7,21,,0.0,,default,,,,NotRead,1,1,1,,,,2.4444444444444446,,,,,,,,1,8,21,,0.0,,default,,,,NotRead,1,1,1,,,,,,,,,,,2.4444444444444446,1,9,21,,0.0,,default,,,,NotRead,1,1,1,,,,,,,2.4444444444444446,,,,,1,10,21,,0.0,,default,,,,NotRead,1,1,1,,,,,,,,,2.4444444444444446,,,1,11,21,,0.0,,default,,,,NotRead,1,1,1,2.4444444444444446,,,,,,,,,,,1,12
22,xsp17jzn,,0,119,120,Survey,Quota_Full,2023-06-01 09:23:39.473199,1,A1BNTJB3GL8PQL,3GA6AFUKO3LEGOKNPIFQLSQ9LH3H3X,0.0,"['Attention_Check_1', 'Word_puzzle_task', 'Word_in_word_task', 'Maze_task', 'Word_order_task', 'Attention_Check_2', 'MRT_task_creative', 'Ball_bucket_task', 'Count_numbers_task', 'Count_letters_task', 'Numbers_in_numbers_task', 'NV_task']",Numbers_in_numbers_task,1,1,1,1,QUOTA_FULL,Male,0,qsqr8zzu,,3K8CQCU3LSY0VZASCYG47P3CN2QNWZ,3PBTVBPQ98ZFFCFJ3L7HICYGH3ILG4,,0,survey,1.0,0.0,"{'quota_Male_Creative': 1, 'quota_Male_MRT': 1, 'quota_Female_Creative': 0, 'quota_Female_MRT': 1}",22,,0.0,33,Male,Black or African American,California,Bachelor's Degree,NotRead,1,1,1,,,,,,,,,,,,1,1,22,,0.0,,default,,,,NotRead,1,1,1,,,,,,,,,,,,1,2,22,,0.0,,default,,,,NotRead,1,1,1,,,,,,,,,,,,1,3,22,,0.0,,default,,,,NotRead,1,1,1,,,,,,,,,,,,1,4,22,,0.0,,default,,,,NotRead,1,1,1,,,,,,,,,,,,1,5,22,,0.0,,default,,,,NotRead,1,1,1,,,,,,,,,,,,1,6,22,,0.0,,default,,,,NotRead,1,1,1,,,,,,,,,,,,1,7,22,,0.0,,default,,,,NotRead,1,1,1,,,,,,,,,,,,1,8,22,,0.0,,default,,,,NotRead,1,1,1,,,,,,,,,,,,1,9,22,,0.0,,default,,,,NotRead,1,1,1,,,,,,,,,,,,1,10,22,,0.0,,default,,,,NotRead,1,1,1,,,,,,,,,,,,1,11,22,,0.0,,default,,,,NotRead,1,1,1,,,,,,,,,,,,1,12
23,b5f4rf1v,,0,119,120,Survey,Quota_Full,2023-06-01 09:25:52.306237,1,A6KOTWP7N7RLU,3Y54SXRO10IOKRO14WSGMKJX9OIUTS,0.0,"['Attention_Check_1', 'Count_letters_task', 'NV_task', 'Numbers_in_numbers_task', 'Word_in_word_task', 'Attention_Check_2', 'Count_numbers_task', 'Word_order_task', 'MRT_task_creative', 'Ball_bucket_task', 'Maze_task', 'Word_puzzle_task']",Numbers_in_numbers_task,1,1,1,1,QUOTA_FULL,Male,0,qsqr8zzu,,3K8CQCU3LSY0VZASCYG47P3CN2QNWZ,3PBTVBPQ98ZFFCFJ3L7HICYGH3ILG4,,0,survey,1.0,0.0,"{'quota_Male_Creative': 1, 'quota_Male_MRT': 1, 'quota_Female_Creative': 0, 'quota_Female_MRT': 1}",23,,0.0,40,Male,White,California,Bachelor's Degree,NotRead,1,1,1,,,,,,,,,,,,1,1,23,,0.0,,default,,,,NotRead,1,1,1,,,,,,,,,,,,1,2,23,,0.0,,default,,,,NotRead,1,1,1,,,,,,,,,,,,1,3,23,,0.0,,default,,,,NotRead,1,1,1,,,,,,,,,,,,1,4,23,,0.0,,default,,,,NotRead,1,1,1,,,,,,,,,,,,1,5,23,,0.0,,default,,,,NotRead,1,1,1,,,,,,,,,,,,1,6,23,,0.0,,default,,,,NotRead,1,1,1,,,,,,,,,,,,1,7,23,,0.0,,default,,,,NotRead,1,1,1,,,,,,,,,,,,1,8,23,,0.0,,default,,,,NotRead,1,1,1,,,,,,,,,,,,1,9,23,,0.0,,default,,,,NotRead,1,1,1,,,,,,,,,,,,1,10,23,,0.0,,default,,,,NotRead,1,1,1,,,,,,,,,,,,1,11,23,,0.0,,default,,,,NotRead,1,1,1,,,,,,,,,,,,1,12
24,17yqpkr1,,0,119,120,Survey,Quota_Full,2023-06-01 09:32:51.119064,1,A1FF6X4APVLIDX,3ZOTGHDK5X8SSMRPJABHD9VMPJHOSL,0.0,"['Attention_Check_1', 'Word_in_word_task', 'Maze_task', 'Count_letters_task', 'MRT_task_creative', 'Attention_Check_2', 'NV_task', 'Numbers_in_numbers_task', 'Ball_bucket_task', 'Word_order_task', 'Count_numbers_task', 'Word_puzzle_task']",NV_task,1,1,1,1,QUOTA_FULL,Female,0,qsqr8zzu,,3K8CQCU3LSY0VZASCYG47P3CN2QNWZ,3PBTVBPQ98ZFFCFJ3L7HICYGH3ILG4,,0,survey,1.0,0.0,"{'quota_Male_Creative': 1, 'quota_Male_MRT': 1, 'quota_Female_Creative': 0, 'quota_Female_MRT': 1}",24,,0.0,38,Female,White,Indiana,High School Graduate,NotRead,1,1,1,,,,,,,,,,,,1,1,24,,0.0,,default,,,,NotRead,1,1,1,,,,,,,,,,,,1,2,24,,0.0,,default,,,,NotRead,1,1,1,,,,,,,,,,,,1,3,24,,0.0,,default,,,,NotRead,1,1,1,,,,,,,,,,,,1,4,24,,0.0,,default,,,,NotRead,1,1,1,,,,,,,,,,,,1,5,24,,0.0,,default,,,,NotRead,1,1,1,,,,,,,,,,,,1,6,24,,0.0,,default,,,,NotRead,1,1,1,,,,,,,,,,,,1,7,24,,0.0,,default,,,,NotRead,1,1,1,,,,,,,,,,,,1,8,24,,0.0,,default,,,,NotRead,1,1,1,,,,,,,,,,,,1,9,24,,0.0,,default,,,,NotRead,1,1,1,,,,,,,,,,,,1,10,24,,0.0,,default,,,,NotRead,1,1,1,,,,,,,,,,,,1,11,24,,0.0,,default,,,,NotRead,1,1,1,,,,,,,,,,,,1,12
25,5rsj9z9h,,0,119,120,Survey,Quota_Full,2023-06-01 09:33:22.512885,1,A2HFG7DL39ZE67,3ZAZR5XV0GFOK9G0OXWYE2Y8NKYZC4,0.0,"['Attention_Check_1', 'Word_order_task', 'Numbers_in_numbers_task', 'MRT_task_creative', 'Ball_bucket_task', 'Attention_Check_2', 'Word_in_word_task', 'Count_letters_task', 'Word_puzzle_task', 'NV_task', 'Count_numbers_task', 'Maze_task']",MRT_task_creative,1,1,1,1,QUOTA_FULL,Female,0,qsqr8zzu,,3K8CQCU3LSY0VZASCYG47P3CN2QNWZ,3PBTVBPQ98ZFFCFJ3L7HICYGH3ILG4,,0,survey,1.0,0.0,"{'quota_Male_Creative': 1, 'quota_Male_MRT': 1, 'quota_Female_Creative': 0, 'quota_Female_MRT': 1}",25,,0.0,24,Female,Asian,Indiana,Advanced Degree,NotRead,1,1,1,,,,,,,,,,,,1,1,25,,0.0,,default,,,,NotRead,1,1,1,,,,,,,,,,,,1,2,25,,0.0,,default,,,,NotRead,1,1,1,,,,,,,,,,,,1,3,25,,0.0,,default,,,,NotRead,1,1,1,,,,,,,,,,,,1,4,25,,0.0,,default,,,,NotRead,1,1,1,,,,,,,,,,,,1,5,25,,0.0,,default,,,,NotRead,1,1,1,,,,,,,,,,,,1,6,25,,0.0,,default,,,,NotRead,1,1,1,,,,,,,,,,,,1,7,25,,0.0,,default,,,,NotRead,1,1,1,,,,,,,,,,,,1,8,25,,0.0,,default,,,,NotRead,1,1,1,,,,,,,,,,,,1,9,25,,0.0,,default,,,,NotRead,1,1,1,,,,,,,,,,,,1,10,25,,0.0,,default,,,,NotRead,1,1,1,,,,,,,,,,,,1,11,25,,0.0,,default,,,,NotRead,1,1,1,,,,,,,,,,,,1,12
26,mehol68t,,0,119,120,Survey,Quota_Full,2023-06-01 09:41:09.805622,1,A1228T9VWC37WA,3OONKJ5DKRGTB0AN8OPMNKLMLVVOBK,0.0,"['Attention_Check_1', 'Count_letters_task', 'Maze_task', 'Numbers_in_numbers_task', 'Count_numbers_task', 'Attention_Check_2', 'Word_in_word_task', 'Word_puzzle_task', 'NV_task', 'Ball_bucket_task', 'Word_order_task', 'MRT_task_creative']",Word_puzzle_task,1,1,1,1,QUOTA_FULL,Male,0,qsqr8zzu,,3K8CQCU3LSY0VZASCYG47P3CN2QNWZ,3PBTVBPQ98ZFFCFJ3L7HICYGH3ILG4,,0,survey,1.0,0.0,"{'quota_Male_Creative': 1, 'quota_Male_MRT': 1, 'quota_Female_Creative': 0, 'quota_Female_MRT': 1}",26,,0.0,23,Male,White,North Carolina,Advanced Degree,NotRead,1,1,1,,,,,,,,,,,,1,1,26,,0.0,,default,,,,NotRead,1,1,1,,,,,,,,,,,,1,2,26,,0.0,,default,,,,NotRead,1,1,1,,,,,,,,,,,,1,3,26,,0.0,,default,,,,NotRead,1,1,1,,,,,,,,,,,,1,4,26,,0.0,,default,,,,NotRead,1,1,1,,,,,,,,,,,,1,5,26,,0.0,,default,,,,NotRead,1,1,1,,,,,,,,,,,,1,6,26,,0.0,,default,,,,NotRead,1,1,1,,,,,,,,,,,,1,7,26,,0.0,,default,,,,NotRead,1,1,1,,,,,,,,,,,,1,8,26,,0.0,,default,,,,NotRead,1,1,1,,,,,,,,,,,,1,9,26,,0.0,,default,,,,NotRead,1,1,1,,,,,,,,,,,,1,10,26,,0.0,,default,,,,NotRead,1,1,1,,,,,,,,,,,,1,11,26,,0.0,,default,,,,NotRead,1,1,1,,,,,,,,,,,,1,12
27,9x6w5ao2,,0,119,120,Survey,Quota_Full,2023-06-01 09:41:31.209247,1,A3QAL3X23LHJRV,3AMYWKA6YQJN5OTSCX8EC4ZU7ULO60,0.0,"['Attention_Check_1', 'Word_puzzle_task', 'MRT_task_creative', 'Ball_bucket_task', 'Count_letters_task', 'Attention_Check_2', 'Word_order_task', 'Numbers_in_numbers_task', 'Maze_task', 'NV_task', 'Count_numbers_task', 'Word_in_word_task']",NV_task,1,1,1,1,QUOTA_FULL,Male,0,qsqr8zzu,,3K8CQCU3LSY0VZASCYG47P3CN2QNWZ,3PBTVBPQ98ZFFCFJ3L7HICYGH3ILG4,,0,survey,1.0,0.0,"{'quota_Male_Creative': 1, 'quota_Male_MRT': 1, 'quota_Female_Creative': 0, 'quota_Female_MRT': 1}",27,,0.0,47,Male,White,Indiana,Advanced Degree,NotRead,1,1,1,,,,,,,,,,,,1,1,27,,0.0,,default,,,,NotRead,1,1,1,,,,,,,,,,,,1,2,27,,0.0,,default,,,,NotRead,1,1,1,,,,,,,,,,,,1,3,27,,0.0,,default,,,,NotRead,1,1,1,,,,,,,,,,,,1,4,27,,0.0,,default,,,,NotRead,1,1,1,,,,,,,,,,,,1,5,27,,0.0,,default,,,,NotRead,1,1,1,,,,,,,,,,,,1,6,27,,0.0,,default,,,,NotRead,1,1,1,,,,,,,,,,,,1,7,27,,0.0,,default,,,,NotRead,1,1,1,,,,,,,,,,,,1,8,27,,0.0,,default,,,,NotRead,1,1,1,,,,,,,,,,,,1,9,27,,0.0,,default,,,,NotRead,1,1,1,,,,,,,,,,,,1,10,27,,0.0,,default,,,,NotRead,1,1,1,,,,,,,,,,,,1,11,27,,0.0,,default,,,,NotRead,1,1,1,,,,,,,,,,,,1,12
28,74v35wad,,0,119,120,Survey,Quota_Full,2023-06-01 09:45:22.194111,1,AKT6KEJ6UF5XC,3DEL4X4ELLICIHHQJ7Q2E8AGI8JXYE,0.0,"['Attention_Check_1', 'MRT_task_creative', 'Count_letters_task', 'Word_puzzle_task', 'Maze_task', 'Attention_Check_2', 'NV_task', 'Ball_bucket_task', 'Numbers_in_numbers_task', 'Count_numbers_task', 'Word_in_word_task', 'Word_order_task']",NV_task,1,1,1,1,QUOTA_FULL,Male,0,qsqr8zzu,,3K8CQCU3LSY0VZASCYG47P3CN2QNWZ,3PBTVBPQ98ZFFCFJ3L7HICYGH3ILG4,,0,survey,1.0,0.0,"{'quota_Male_Creative': 1, 'quota_Male_MRT': 1, 'quota_Female_Creative': 0, 'quota_Female_MRT': 1}",28,,0.0,44,Male,White,Ohio,Bachelor's Degree,NotRead,1,1,1,,,,,,,,,,,,1,1,28,,0.0,,default,,,,NotRead,1,1,1,,,,,,,,,,,,1,2,28,,0.0,,default,,,,NotRead,1,1,1,,,,,,,,,,,,1,3,28,,0.0,,default,,,,NotRead,1,1,1,,,,,,,,,,,,1,4,28,,0.0,,default,,,,NotRead,1,1,1,,,,,,,,,,,,1,5,28,,0.0,,default,,,,NotRead,1,1,1,,,,,,,,,,,,1,6,28,,0.0,,default,,,,NotRead,1,1,1,,,,,,,,,,,,1,7,28,,0.0,,default,,,,NotRead,1,1,1,,,,,,,,,,,,1,8,28,,0.0,,default,,,,NotRead,1,1,1,,,,,,,,,,,,1,9,28,,0.0,,default,,,,NotRead,1,1,1,,,,,,,,,,,,1,10,28,,0.0,,default,,,,NotRead,1,1,1,,,,,,,,,,,,1,11,28,,0.0,,default,,,,NotRead,1,1,1,,,,,,,,,,,,1,12
29,xfmiuxf3,,0,119,120,Survey,Quota_Full,2023-06-01 09:46:00.650728,1,A1Y3JL53XAO7QV,3KGTPGBS6CIU0SUOLH8KLXA79B82UB,0.0,"['Attention_Check_1', 'Ball_bucket_task', 'Maze_task', 'Numbers_in_numbers_task', 'Word_puzzle_task', 'Attention_Check_2', 'Count_numbers_task', 'MRT_task_creative', 'NV_task', 'Word_order_task', 'Count_letters_task', 'Word_in_word_task']",MRT_task_creative,1,1,1,1,QUOTA_FULL,Male,0,qsqr8zzu,,3K8CQCU3LSY0VZASCYG47P3CN2QNWZ,3PBTVBPQ98ZFFCFJ3L7HICYGH3ILG4,,0,survey,1.0,0.0,"{'quota_Male_Creative': 1, 'quota_Male_MRT': 1, 'quota_Female_Creative': 0, 'quota_Female_MRT': 1}",29,,0.0,29,Male,White,North Carolina,Bachelor's Degree,NotRead,1,1,1,,,,,,,,,,,,1,1,29,,0.0,,default,,,,NotRead,1,1,1,,,,,,,,,,,,1,2,29,,0.0,,default,,,,NotRead,1,1,1,,,,,,,,,,,,1,3,29,,0.0,,default,,,,NotRead,1,1,1,,,,,,,,,,,,1,4,29,,0.0,,default,,,,NotRead,1,1,1,,,,,,,,,,,,1,5,29,,0.0,,default,,,,NotRead,1,1,1,,,,,,,,,,,,1,6,29,,0.0,,default,,,,NotRead,1,1,1,,,,,,,,,,,,1,7,29,,0.0,,default,,,,NotRead,1,1,1,,,,,,,,,,,,1,8,29,,0.0,,default,,,,NotRead,1,1,1,,,,,,,,,,,,1,9,29,,0.0,,default,,,,NotRead,1,1,1,,,,,,,,,,,,1,10,29,,0.0,,default,,,,NotRead,1,1,1,,,,,,,,,,,,1,11,29,,0.0,,default,,,,NotRead,1,1,1,,,,,,,,,,,,1,12
30,5xvgdbpx,,0,119,120,Survey,Quota_Full,2023-06-01 09:47:12.232145,1,A3489BA3NSQVAN,3MTMREQS4AFWXZEXTWG093E26FAWAA,0.0,"['Attention_Check_1', 'MRT_task_creative', 'Ball_bucket_task', 'Word_in_word_task', 'Word_puzzle_task', 'Attention_Check_2', 'NV_task', 'Maze_task', 'Word_order_task', 'Count_numbers_task', 'Numbers_in_numbers_task', 'Count_letters_task']",Count_letters_task,1,1,1,1,QUOTA_FULL,Male,0,qsqr8zzu,,3K8CQCU3LSY0VZASCYG47P3CN2QNWZ,3PBTVBPQ98ZFFCFJ3L7HICYGH3ILG4,,0,survey,1.0,0.0,"{'quota_Male_Creative': 1, 'quota_Male_MRT': 1, 'quota_Female_Creative': 0, 'quota_Female_MRT': 1}",30,,0.0,43,Male,White,California,Advanced Degree,NotRead,1,1,1,,,,,,,,,,,,1,1,30,,0.0,,default,,,,NotRead,1,1,1,,,,,,,,,,,,1,2,30,,0.0,,default,,,,NotRead,1,1,1,,,,,,,,,,,,1,3,30,,0.0,,default,,,,NotRead,1,1,1,,,,,,,,,,,,1,4,30,,0.0,,default,,,,NotRead,1,1,1,,,,,,,,,,,,1,5,30,,0.0,,default,,,,NotRead,1,1,1,,,,,,,,,,,,1,6,30,,0.0,,default,,,,NotRead,1,1,1,,,,,,,,,,,,1,7,30,,0.0,,default,,,,NotRead,1,1,1,,,,,,,,,,,,1,8,30,,0.0,,default,,,,NotRead,1,1,1,,,,,,,,,,,,1,9,30,,0.0,,default,,,,NotRead,1,1,1,,,,,,,,,,,,1,10,30,,0.0,,default,,,,NotRead,1,1,1,,,,,,,,,,,,1,11,30,,0.0,,default,,,,NotRead,1,1,1,,,,,,,,,,,,1,12
31,sfiko6rc,,0,119,120,Survey,Quota_Full,2023-06-01 09:48:31.170773,1,A2EWDRT2QA7ZFV,37C0GNLMHU0W1R23MOUY1ANV3GF6DM,0.0,"['Attention_Check_1', 'Maze_task', 'Word_order_task', 'MRT_task_creative', 'Numbers_in_numbers_task', 'Attention_Check_2', 'Count_letters_task', 'Word_in_word_task', 'NV_task', 'Count_numbers_task', 'Word_puzzle_task', 'Ball_bucket_task']",Word_puzzle_task,1,1,1,1,QUOTA_FULL,Male,0,qsqr8zzu,,3K8CQCU3LSY0VZASCYG47P3CN2QNWZ,3PBTVBPQ98ZFFCFJ3L7HICYGH3ILG4,,0,survey,1.0,0.0,"{'quota_Male_Creative': 1, 'quota_Male_MRT': 1, 'quota_Female_Creative': 0, 'quota_Female_MRT': 1}",31,,0.0,29,Male,White,Georgia,Bachelor's Degree,NotRead,1,1,1,,,,,,,,,,,,1,1,31,,0.0,,default,,,,NotRead,1,1,1,,,,,,,,,,,,1,2,31,,0.0,,default,,,,NotRead,1,1,1,,,,,,,,,,,,1,3,31,,0.0,,default,,,,NotRead,1,1,1,,,,,,,,,,,,1,4,31,,0.0,,default,,,,NotRead,1,1,1,,,,,,,,,,,,1,5,31,,0.0,,default,,,,NotRead,1,1,1,,,,,,,,,,,,1,6,31,,0.0,,default,,,,NotRead,1,1,1,,,,,,,,,,,,1,7,31,,0.0,,default,,,,NotRead,1,1,1,,,,,,,,,,,,1,8,31,,0.0,,default,,,,NotRead,1,1,1,,,,,,,,,,,,1,9,31,,0.0,,default,,,,NotRead,1,1,1,,,,,,,,,,,,1,10,31,,0.0,,default,,,,NotRead,1,1,1,,,,,,,,,,,,1,11,31,,0.0,,default,,,,NotRead,1,1,1,,,,,,,,,,,,1,12
32,1883jwqh,,0,119,120,Survey,Quota_Full,2023-06-01 09:57:30.964916,1,A1AD2BDQYTTJIL,3M1CVSFP6F2RD2IBHNHUHEWGIEUQA1,0.0,"['Attention_Check_1', 'MRT_task_creative', 'Word_puzzle_task', 'Ball_bucket_task', 'Count_numbers_task', 'Attention_Check_2', 'Count_letters_task', 'Numbers_in_numbers_task', 'NV_task', 'Word_in_word_task', 'Word_order_task', 'Maze_task']",Maze_task,1,1,1,1,QUOTA_FULL,Male,0,qsqr8zzu,,3K8CQCU3LSY0VZASCYG47P3CN2QNWZ,3PBTVBPQ98ZFFCFJ3L7HICYGH3ILG4,,0,survey,1.0,0.0,"{'quota_Male_Creative': 1, 'quota_Male_MRT': 1, 'quota_Female_Creative': 0, 'quota_Female_MRT': 1}",32,,0.0,22,Male,American Indian or Alaska Native,Florida,Bachelor's Degree,NotRead,1,1,1,,,,,,,,,,,,1,1,32,,0.0,,default,,,,NotRead,1,1,1,,,,,,,,,,,,1,2,32,,0.0,,default,,,,NotRead,1,1,1,,,,,,,,,,,,1,3,32,,0.0,,default,,,,NotRead,1,1,1,,,,,,,,,,,,1,4,32,,0.0,,default,,,,NotRead,1,1,1,,,,,,,,,,,,1,5,32,,0.0,,default,,,,NotRead,1,1,1,,,,,,,,,,,,1,6,32,,0.0,,default,,,,NotRead,1,1,1,,,,,,,,,,,,1,7,32,,0.0,,default,,,,NotRead,1,1,1,,,,,,,,,,,,1,8,32,,0.0,,default,,,,NotRead,1,1,1,,,,,,,,,,,,1,9,32,,0.0,,default,,,,NotRead,1,1,1,,,,,,,,,,,,1,10,32,,0.0,,default,,,,NotRead,1,1,1,,,,,,,,,,,,1,11,32,,0.0,,default,,,,NotRead,1,1,1,,,,,,,,,,,,1,12
33,1xs2j2f2,,0,121,120,Survey,TimeOut,2023-06-01 09:59:37.077833,1,A273WOCS111DH0,3FFJ6VRILGLIVRWACDFSJ6THII20II,0.0,"['Attention_Check_1', 'Count_numbers_task', 'Word_order_task', 'Word_in_word_task', 'Maze_task', 'Attention_Check_2', 'Word_puzzle_task', 'Ball_bucket_task', 'NV_task', 'Numbers_in_numbers_task', 'Count_letters_task', 'MRT_task_creative']",Maze_task,0,0,1,1,Creative,Female,1685617238.5896118,qsqr8zzu,,3K8CQCU3LSY0VZASCYG47P3CN2QNWZ,3PBTVBPQ98ZFFCFJ3L7HICYGH3ILG4,,0,survey,1.0,0.0,"{'quota_Male_Creative': 1, 'quota_Male_MRT': 1, 'quota_Female_Creative': 0, 'quota_Female_MRT': 1}",33,,0.0,35,Female,White,California,Bachelor's Degree,NotRead,0,1,1,,,,,,,,,,,,1,1,33,,0.0,,default,,,,NotRead,1,1,1,,,,,,,,,,,,1,2,33,,0.0,,default,,,,NotRead,1,1,1,,,,,,,,,,,,1,3,33,,0.0,,default,,,,NotRead,1,1,1,,,,,,,,,,,,1,4,33,,0.0,,default,,,,NotRead,1,1,1,,,,,,,,,,,,1,5,33,,0.0,,default,,,,NotRead,1,1,1,,,,,,,,,,,,1,6,33,,0.0,,default,,,,NotRead,1,1,1,,,,,,,,,,,,1,7,33,,0.0,,default,,,,NotRead,1,1,1,,,,,,,,,,,,1,8,33,,0.0,,default,,,,NotRead,1,1,1,,,,,,,,,,,,1,9,33,,0.0,,default,,,,NotRead,1,1,1,,,,,,,,,,,,1,10,33,,0.0,,default,,,,NotRead,1,1,1,,,,,,,,,,,,1,11,33,,0.0,,default,,,,NotRead,1,1,1,,,,,,,,,,,,1,12
34,tdb2jcly,,0,119,120,Survey,Quota_Full,2023-06-01 10:06:42.445201,1,A1S88VQY8G8CNC,3EJPLAJKE1DZ4S7ZE6JVS26YRYQZ6F,0.0,"['Attention_Check_1', 'Count_numbers_task', 'Word_puzzle_task', 'Maze_task', 'NV_task', 'Attention_Check_2', 'Ball_bucket_task', 'Word_order_task', 'Count_letters_task', 'MRT_task_creative', 'Numbers_in_numbers_task', 'Word_in_word_task']",Word_puzzle_task,1,1,1,1,QUOTA_FULL,Male,0,qsqr8zzu,,3K8CQCU3LSY0VZASCYG47P3CN2QNWZ,3PBTVBPQ98ZFFCFJ3L7HICYGH3ILG4,,0,survey,1.0,0.0,"{'quota_Male_Creative': 1, 'quota_Male_MRT': 1, 'quota_Female_Creative': 0, 'quota_Female_MRT': 1}",34,,0.0,67,Male,White,New York,Bachelor's Degree,NotRead,1,1,1,,,,,,,,,,,,1,1,34,,0.0,,default,,,,NotRead,1,1,1,,,,,,,,,,,,1,2,34,,0.0,,default,,,,NotRead,1,1,1,,,,,,,,,,,,1,3,34,,0.0,,default,,,,NotRead,1,1,1,,,,,,,,,,,,1,4,34,,0.0,,default,,,,NotRead,1,1,1,,,,,,,,,,,,1,5,34,,0.0,,default,,,,NotRead,1,1,1,,,,,,,,,,,,1,6,34,,0.0,,default,,,,NotRead,1,1,1,,,,,,,,,,,,1,7,34,,0.0,,default,,,,NotRead,1,1,1,,,,,,,,,,,,1,8,34,,0.0,,default,,,,NotRead,1,1,1,,,,,,,,,,,,1,9,34,,0.0,,default,,,,NotRead,1,1,1,,,,,,,,,,,,1,10,34,,0.0,,default,,,,NotRead,1,1,1,,,,,,,,,,,,1,11,34,,0.0,,default,,,,NotRead,1,1,1,,,,,,,,,,,,1,12
35,5vufuuex,,0,0,120,,,,0,,,0.0,,,1,1,1,1,,,0,qsqr8zzu,,3K8CQCU3LSY0VZASCYG47P3CN2QNWZ,3PBTVBPQ98ZFFCFJ3L7HICYGH3ILG4,,0,survey,1.0,0.0,"{'quota_Male_Creative': 1, 'quota_Male_MRT': 1, 'quota_Female_Creative': 0, 'quota_Female_MRT': 1}",35,,0.0,,default,,,,NotRead,1,1,1,,,,,,,,,,,,1,1,35,,0.0,,default,,,,NotRead,1,1,1,,,,,,,,,,,,1,2,35,,0.0,,default,,,,NotRead,1,1,1,,,,,,,,,,,,1,3,35,,0.0,,default,,,,NotRead,1,1,1,,,,,,,,,,,,1,4,35,,0.0,,default,,,,NotRead,1,1,1,,,,,,,,,,,,1,5,35,,0.0,,default,,,,NotRead,1,1,1,,,,,,,,,,,,1,6,35,,0.0,,default,,,,NotRead,1,1,1,,,,,,,,,,,,1,7,35,,0.0,,default,,,,NotRead,1,1,1,,,,,,,,,,,,1,8,35,,0.0,,default,,,,NotRead,1,1,1,,,,,,,,,,,,1,9,35,,0.0,,default,,,,NotRead,1,1,1,,,,,,,,,,,,1,10,35,,0.0,,default,,,,NotRead,1,1,1,,,,,,,,,,,,1,11,35,,0.0,,default,,,,NotRead,1,1,1,,,,,,,,,,,,1,12
36,e1e1zy18,,0,0,120,,,,0,,,0.0,,,1,1,1,1,,,0,qsqr8zzu,,3K8CQCU3LSY0VZASCYG47P3CN2QNWZ,3PBTVBPQ98ZFFCFJ3L7HICYGH3ILG4,,0,survey,1.0,0.0,"{'quota_Male_Creative': 1, 'quota_Male_MRT': 1, 'quota_Female_Creative': 0, 'quota_Female_MRT': 1}",36,,0.0,,default,,,,NotRead,1,1,1,,,,,,,,,,,,1,1,36,,0.0,,default,,,,NotRead,1,1,1,,,,,,,,,,,,1,2,36,,0.0,,default,,,,NotRead,1,1,1,,,,,,,,,,,,1,3,36,,0.0,,default,,,,NotRead,1,1,1,,,,,,,,,,,,1,4,36,,0.0,,default,,,,NotRead,1,1,1,,,,,,,,,,,,1,5,36,,0.0,,default,,,,NotRead,1,1,1,,,,,,,,,,,,1,6,36,,0.0,,default,,,,NotRead,1,1,1,,,,,,,,,,,,1,7,36,,0.0,,default,,,,NotRead,1,1,1,,,,,,,,,,,,1,8,36,,0.0,,default,,,,NotRead,1,1,1,,,,,,,,,,,,1,9,36,,0.0,,default,,,,NotRead,1,1,1,,,,,,,,,,,,1,10,36,,0.0,,default,,,,NotRead,1,1,1,,,,,,,,,,,,1,11,36,,0.0,,default,,,,NotRead,1,1,1,,,,,,,,,,,,1,12
37,lx3m7emu,,0,0,120,,,,0,,,0.0,,,1,1,1,1,,,0,qsqr8zzu,,3K8CQCU3LSY0VZASCYG47P3CN2QNWZ,3PBTVBPQ98ZFFCFJ3L7HICYGH3ILG4,,0,survey,1.0,0.0,"{'quota_Male_Creative': 1, 'quota_Male_MRT': 1, 'quota_Female_Creative': 0, 'quota_Female_MRT': 1}",37,,0.0,,default,,,,NotRead,1,1,1,,,,,,,,,,,,1,1,37,,0.0,,default,,,,NotRead,1,1,1,,,,,,,,,,,,1,2,37,,0.0,,default,,,,NotRead,1,1,1,,,,,,,,,,,,1,3,37,,0.0,,default,,,,NotRead,1,1,1,,,,,,,,,,,,1,4,37,,0.0,,default,,,,NotRead,1,1,1,,,,,,,,,,,,1,5,37,,0.0,,default,,,,NotRead,1,1,1,,,,,,,,,,,,1,6,37,,0.0,,default,,,,NotRead,1,1,1,,,,,,,,,,,,1,7,37,,0.0,,default,,,,NotRead,1,1,1,,,,,,,,,,,,1,8,37,,0.0,,default,,,,NotRead,1,1,1,,,,,,,,,,,,1,9,37,,0.0,,default,,,,NotRead,1,1,1,,,,,,,,,,,,1,10,37,,0.0,,default,,,,NotRead,1,1,1,,,,,,,,,,,,1,11,37,,0.0,,default,,,,NotRead,1,1,1,,,,,,,,,,,,1,12
38,itia1tb4,,0,0,120,,,,0,,,0.0,,,1,1,1,1,,,0,qsqr8zzu,,3K8CQCU3LSY0VZASCYG47P3CN2QNWZ,3PBTVBPQ98ZFFCFJ3L7HICYGH3ILG4,,0,survey,1.0,0.0,"{'quota_Male_Creative': 1, 'quota_Male_MRT': 1, 'quota_Female_Creative': 0, 'quota_Female_MRT': 1}",38,,0.0,,default,,,,NotRead,1,1,1,,,,,,,,,,,,1,1,38,,0.0,,default,,,,NotRead,1,1,1,,,,,,,,,,,,1,2,38,,0.0,,default,,,,NotRead,1,1,1,,,,,,,,,,,,1,3,38,,0.0,,default,,,,NotRead,1,1,1,,,,,,,,,,,,1,4,38,,0.0,,default,,,,NotRead,1,1,1,,,,,,,,,,,,1,5,38,,0.0,,default,,,,NotRead,1,1,1,,,,,,,,,,,,1,6,38,,0.0,,default,,,,NotRead,1,1,1,,,,,,,,,,,,1,7,38,,0.0,,default,,,,NotRead,1,1,1,,,,,,,,,,,,1,8,38,,0.0,,default,,,,NotRead,1,1,1,,,,,,,,,,,,1,9,38,,0.0,,default,,,,NotRead,1,1,1,,,,,,,,,,,,1,10,38,,0.0,,default,,,,NotRead,1,1,1,,,,,,,,,,,,1,11,38,,0.0,,default,,,,NotRead,1,1,1,,,,,,,,,,,,1,12
39,2gqdoypu,,0,0,120,,,,0,,,0.0,,,1,1,1,1,,,0,qsqr8zzu,,3K8CQCU3LSY0VZASCYG47P3CN2QNWZ,3PBTVBPQ98ZFFCFJ3L7HICYGH3ILG4,,0,survey,1.0,0.0,"{'quota_Male_Creative': 1, 'quota_Male_MRT': 1, 'quota_Female_Creative': 0, 'quota_Female_MRT': 1}",39,,0.0,,default,,,,NotRead,1,1,1,,,,,,,,,,,,1,1,39,,0.0,,default,,,,NotRead,1,1,1,,,,,,,,,,,,1,2,39,,0.0,,default,,,,NotRead,1,1,1,,,,,,,,,,,,1,3,39,,0.0,,default,,,,NotRead,1,1,1,,,,,,,,,,,,1,4,39,,0.0,,default,,,,NotRead,1,1,1,,,,,,,,,,,,1,5,39,,0.0,,default,,,,NotRead,1,1,1,,,,,,,,,,,,1,6,39,,0.0,,default,,,,NotRead,1,1,1,,,,,,,,,,,,1,7,39,,0.0,,default,,,,NotRead,1,1,1,,,,,,,,,,,,1,8,39,,0.0,,default,,,,NotRead,1,1,1,,,,,,,,,,,,1,9,39,,0.0,,default,,,,NotRead,1,1,1,,,,,,,,,,,,1,10,39,,0.0,,default,,,,NotRead,1,1,1,,,,,,,,,,,,1,11,39,,0.0,,default,,,,NotRead,1,1,1,,,,,,,,,,,,1,12
40,xg02ttmi,,0,0,120,,,,0,,,0.0,,,1,1,1,1,,,0,qsqr8zzu,,3K8CQCU3LSY0VZASCYG47P3CN2QNWZ,3PBTVBPQ98ZFFCFJ3L7HICYGH3ILG4,,0,survey,1.0,0.0,"{'quota_Male_Creative': 1, 'quota_Male_MRT': 1, 'quota_Female_Creative': 0, 'quota_Female_MRT': 1}",40,,0.0,,default,,,,NotRead,1,1,1,,,,,,,,,,,,1,1,40,,0.0,,default,,,,NotRead,1,1,1,,,,,,,,,,,,1,2,40,,0.0,,default,,,,NotRead,1,1,1,,,,,,,,,,,,1,3,40,,0.0,,default,,,,NotRead,1,1,1,,,,,,,,,,,,1,4,40,,0.0,,default,,,,NotRead,1,1,1,,,,,,,,,,,,1,5,40,,0.0,,default,,,,NotRead,1,1,1,,,,,,,,,,,,1,6,40,,0.0,,default,,,,NotRead,1,1,1,,,,,,,,,,,,1,7,40,,0.0,,default,,,,NotRead,1,1,1,,,,,,,,,,,,1,8,40,,0.0,,default,,,,NotRead,1,1,1,,,,,,,,,,,,1,9,40,,0.0,,default,,,,NotRead,1,1,1,,,,,,,,,,,,1,10,40,,0.0,,default,,,,NotRead,1,1,1,,,,,,,,,,,,1,11,40,,0.0,,default,,,,NotRead,1,1,1,,,,,,,,,,,,1,12
